ID,Language_ID,Form,Language,Parameter_ID,Value,Concept,Elicitation_phrase,,,,
,vwa-ximeng,,Ximeng,1,mu,classifier for dog ,one dog,,,,
,vwa-ximeng,,Ximeng,2,mu,classifier for cat ,one cat,,,,
,vwa-ximeng,,Ximeng,3,mu,classifier for chicken ,one chicken ,,,,
,vwa-ximeng,,Ximeng,4,mu,classifier for pig ,one pig ,,,,
,vwa-ximeng,,Ximeng,5,mu,classifier for cow ,one cow ,,,,
,vwa-ximeng,,Ximeng,6,mu,classifier for snake ,one snake ,,,,
,vwa-ximeng,,Ximeng,7,mu,classifier for fish ,one fish ,,,,
,vwa-ximeng,,Ximeng,8,mu,classifier for hat ,one hat ,,,,
,vwa-ximeng,,Ximeng,9,blʌ,classifier for trousers ,one trousers ,,,,
,vwa-ximeng,,Ximeng,10,mu,classifier for shirt ,one shirt ,,,,
,vwa-ximeng,,Ximeng,11,mu,classifier for chopstick (pair) ,one chopstick (pair) ,,,,
,vwa-ximeng,,Ximeng,12,mu,classifier for chopstick (single) ,one chopstick (single) ,,,,
,vwa-ximeng,,Ximeng,13,mu,classifier for shoe (pair),one shoe (pair),,,,
,vwa-ximeng,,Ximeng,14,?,classifier for shoe (single),one shoe (single),,,,
,vwa-ximeng,,Ximeng,15,mu,classifier for cushion ,one cushion ,,,,
,vwa-ximeng,,Ximeng,16,mu,classifier for flower ,one flower ,,,,
,vwa-ximeng,,Ximeng,17,bʌŋ,classifier for tree ,one tree ,,,,
,vwa-ximeng,,Ximeng,18,blʌŋ,classifier for house,one house,,,,
,vwa-ximeng,,Ximeng,19,mu,classifier for table ,one table ,,,,
,vwa-ximeng,,Ximeng,20,mu,classifier for chair ,one chair ,,,,
,vwa-ximeng,,Ximeng,21,mu,classifier for pen ,one pen ,,,,
,vwa-ximeng,,Ximeng,22,mu,classifier for spoon ,one spoon ,,,,
,vwa-ximeng,,Ximeng,23,mu,classifier for noodle ,one noodle ,,,,
,vwa-ximeng,,Ximeng,24,blʌ,classifier for leaf ,one leaf ,,,,
,vwa-ximeng,,Ximeng,25,mu,classifier for room ,one room ,,,,
,vwa-ximeng,,Ximeng,26,mu,classifier for person ,one person ,,,,
,vwa-ximeng,,Ximeng,27,gə,classifier for teacher ,one teacher ,,,,
,vwa-ximeng,,Ximeng,28,mu,classifier for spider ,one spider ,,,,
,vwa-ximeng,,Ximeng,29,mu,classifier for stone ,one stone ,,,,
,vwa-ximeng,,Ximeng,30,mu,classifier for boat ,one boat ,,,,
,vwa-ximeng,,Ximeng,31,mu,classifier for banana ,one banana ,,,,
,vwa-ximeng,,Ximeng,32, mu,classifier for papaya,one papaya,,,,
,vwa-ximeng,,Ximeng,33,mu,classifier for cloud ,one cloud ,,,,
,vwa-ximeng,,Ximeng,34,blʌ,classifier for hand ,one hand ,,,,
,vwa-ximeng,,Ximeng,35,mu,classifier for finger ,one finger ,,,,
,vwa-ximeng,,Ximeng,36,mu,classifier for leg ,one leg ,,,,
,vwa-ximeng,,Ximeng,37,d͡ʒʌŋ,classifier for car ,one car ,,,,
,vwa-ximeng,,Ximeng,38,mu,classifier for door ,one door ,,,,
,vwa-ximeng,,Ximeng,39,blʌ,classifier for picture ,one picture ,,,,
,vwa-ximeng,,Ximeng,40,sop,classifier for grain of rice ,one grain of rice ,,,,
,vwa-ximeng,,Ximeng,41,blʌ,classifier for tea leaf ,one tea leaf ,,,,
,vwa-ximeng,,Ximeng,42,bui,classifier for cup of tea ,one cup of tea ,,,,
,vwa-ximeng,,Ximeng,43,bui,classifier for cup of water ,one cup of water ,,,,
,vwa-ximeng,,Ximeng,44,glom,classifier for bowl of rice ,one bowl of rice ,,,,
,vwa-ximeng,,Ximeng,45,mu,classifier for bed ,one bed ,,,,
,vwa-ximeng,,Ximeng,46,mu,classifier for fan ,one fan ,,,,
,vwa-ximeng,,Ximeng,47,mu,classifier for light (bulb) ,one light (bulb) ,,,,
,vwa-ximeng,,Ximeng,48,?,classifier for ball,one ball,,,,
,vwa-ximeng,,Ximeng,49,mu,classifier for elephant,one elephant,,,,
,vwa-ximeng,,Ximeng,50,?,classifier for king,one king,,,,
,vwa-ximeng,,Ximeng,51,?,classifier for aeroplane,one aeroplane,,,,
,vwa-ximeng,,Ximeng,52,?,classifier for tiger,one tiger,,,,
,vwa-ximeng,,Ximeng,53,?,classifier for kettle,one kettle,,,,
,vwa-ximeng,,Ximeng,54,mu,classifier for drum,one drum,,,,
,vwa-ximeng,,Ximeng,55,mu,classifier for egg,one egg,,,,
,vwa-ximeng,,Ximeng,56,blʌ,classifier for eye ,one eye ,,,,
,vwa-ximeng,,Ximeng,57,mu,classifier for arrow,one arrow,,,,
,vwa-ximeng,,Ximeng,58,mu,classifier for biscuit ,one biscuit ,,,,
,vwa-ximeng,,Ximeng,59,blʌ,classifier for mushroom ,one mushroom ,,,,
,vwa-ximeng,,Ximeng,60,mu,classifier for street ,one street ,,,,
,vwa-ximeng,,Ximeng,61,mu,classifier for comb,one comb,,,,
,vwa-ximeng,,Ximeng,62,?,classifier for cow ,one cow ,,,,
,vwa-ximeng,,Ximeng,63,mu,classifier for bull,one bull,,,,
,vwa-ximeng,,Ximeng,64,gər,classifier for bamboo,one bamboo,,,,
,vwa-ximeng,,Ximeng,65, də,classifier for scar,one scar,,,,
,vwa-ximeng,,Ximeng,66,gə,classifier for child,one child,,,,
,vwa-ximeng,,Ximeng,67,glu/gru,classifier for chilli,one chilli,,,,
,vwa-ximeng,,Ximeng,68,?,classifier for sound,one sound,,,,
,vwa-ximeng,,Ximeng,69,blʌ,classifier for bag,one bag,,,,
,vwa-ximeng,,Ximeng,70,mu,classifier for toothbrush,one toothbrush,,,,
,vwa-ximeng,,Ximeng,71,mu,classifier for ear,one ear,,,,
,vwa-ximeng,,Ximeng,72,blʌ,classifier for paper,one paper,,,,
,vwa-ximeng,,Ximeng,73,mu,classifier for mirror,one mirror,,,,
,vwa-ximeng,,Ximeng,74,blʌ,classifier for book,one book,,,,
,uuu-bangxie,,Bangxie,1,do,classifier for dog ,one dog,,,,
,uuu-bangxie,,Bangxie,2,do,classifier for cat ,one cat,,,,
,uuu-bangxie,,Bangxie,3,do,classifier for chicken ,one chicken ,,,,
,uuu-bangxie,,Bangxie,4,do,classifier for pig ,one pig ,,,,
,uuu-bangxie,,Bangxie,5,do,classifier for cow ,one cow ,,,,
,uuu-bangxie,,Bangxie,6,do,classifier for snake ,one snake ,,,,
,uuu-bangxie,,Bangxie,7,do,classifier for fish ,one fish ,,,,
,uuu-bangxie,,Bangxie,8,mu,classifier for hat ,one hat ,,,,
,uuu-bangxie,,Bangxie,9,pʰø,classifier for trousers ,one trousers ,,,,
,uuu-bangxie,,Bangxie,10,mu,classifier for shirt ,one shirt ,,,,
,uuu-bangxie,,Bangxie,11,gu ,classifier for chopstick (pair) ,one chopstick (pair) ,,,,
,uuu-bangxie,,Bangxie,12,mu,classifier for chopstick (single) ,one chopstick (single) ,,,,
,uuu-bangxie,,Bangxie,13,gu,classifier for shoe (pair),one shoe (pair),,,,
,uuu-bangxie,,Bangxie,14,kʰɔn,classifier for shoe (single),one shoe (single),,,,
,uuu-bangxie,,Bangxie,15,mu,classifier for cushion ,one cushion ,,,,
,uuu-bangxie,,Bangxie,16,mu,classifier for flower ,one flower ,,,,
,uuu-bangxie,,Bangxie,17,mu,classifier for tree ,one tree ,,,,
,uuu-bangxie,,Bangxie,18,glʌŋ,classifier for house,one house,,,,
,uuu-bangxie,,Bangxie,19,mu,classifier for table ,one table ,,,,
,uuu-bangxie,,Bangxie,20,ŋən,classifier for chair ,one chair ,,,,
,uuu-bangxie,,Bangxie,21, sɪ,classifier for pen ,one pen ,,,,
,uuu-bangxie,,Bangxie,22,mu,classifier for spoon ,one spoon ,,,,
,uuu-bangxie,,Bangxie,23,mu,classifier for noodle ,one noodle ,,,,
,uuu-bangxie,,Bangxie,24,lɛ,classifier for leaf ,one leaf ,,,,
,uuu-bangxie,,Bangxie,25,mu,classifier for room ,one room ,,,,
,uuu-bangxie,,Bangxie,26,i,classifier for person ,one person ,,,,
,uuu-bangxie,,Bangxie,27,i,classifier for teacher ,one teacher ,,,,
,uuu-bangxie,,Bangxie,28, mu,classifier for spider ,one spider ,,,,
,uuu-bangxie,,Bangxie,29,ŋən,classifier for stone ,one stone ,,,,
,uuu-bangxie,,Bangxie,30,mu,classifier for boat ,one boat ,,,,
,uuu-bangxie,,Bangxie,31,ngən,classifier for banana ,one banana ,,,,
,uuu-bangxie,,Bangxie,32,ngən,classifier for papaya,one papaya,,,,
,uuu-bangxie,,Bangxie,33,mu,classifier for cloud ,one cloud ,,,,
,uuu-bangxie,,Bangxie,34, kʰɔn,classifier for hand ,one hand ,,,,
,uuu-bangxie,,Bangxie,35,mu,classifier for finger ,one finger ,,,,
,uuu-bangxie,,Bangxie,36,mu,classifier for leg ,one leg ,,,,
,uuu-bangxie,,Bangxie,37,glʌŋ,classifier for car ,one car ,,,,
,uuu-bangxie,,Bangxie,38,mu,classifier for door ,one door ,,,,
,uuu-bangxie,,Bangxie,39,mu,classifier for picture ,one picture ,,,,
,uuu-bangxie,,Bangxie,40,ngən,classifier for grain of rice ,one grain of rice ,,,,
,uuu-bangxie,,Bangxie,41,lɛ ,classifier for tea leaf ,one tea leaf ,,,,
,uuu-bangxie,,Bangxie,42,d͡ʒɔŋ,classifier for cup of tea ,one cup of tea ,,,,
,uuu-bangxie,,Bangxie,43,d͡ʒɔŋ,classifier for cup of water ,one cup of water ,,,,
,uuu-bangxie,,Bangxie,44,flɛ,classifier for bowl of rice ,one bowl of rice ,,,,
,uuu-bangxie,,Bangxie,45,mu,classifier for bed ,one bed ,,,,
,uuu-bangxie,,Bangxie,46,mu,classifier for fan ,one fan ,,,,
,uuu-bangxie,,Bangxie,47,ŋən,classifier for light (bulb) ,one light (bulb) ,,,,
,uuu-bangxie,,Bangxie,48,mu,classifier for ball,one ball,,,,
,uuu-bangxie,,Bangxie,49,do,classifier for elephant,one elephant,,,,
,uuu-bangxie,,Bangxie,50,glʌŋ,classifier for king,one king,,,,
,uuu-bangxie,,Bangxie,51,i,classifier for aeroplane,one aeroplane,,,,
,uuu-bangxie,,Bangxie,52,mu,classifier for tiger,one tiger,,,,
,uuu-bangxie,,Bangxie,53,mu,classifier for kettle,one kettle,,,,
,uuu-bangxie,,Bangxie,54,mu,classifier for drum,one drum,,,,
,uuu-bangxie,,Bangxie,55,ŋən,classifier for egg,one egg,,,,
,uuu-bangxie,,Bangxie,56,ŋən,classifier for eye ,one eye ,,,,
,uuu-bangxie,,Bangxie,57,mu,classifier for arrow,one arrow,,,,
,uuu-bangxie,,Bangxie,58,lɛ,classifier for biscuit ,one biscuit ,,,,
,uuu-bangxie,,Bangxie,59,blʌ,classifier for mushroom ,one mushroom ,,,,
,uuu-bangxie,,Bangxie,60,mu,classifier for street ,one street ,,,,
,uuu-bangxie,,Bangxie,61,mu,classifier for comb,one comb,,,,
,uuu-bangxie,,Bangxie,62,do,classifier for cow ,one cow ,,,,
,uuu-bangxie,,Bangxie,63,do,classifier for bull,one bull,,,,
,uuu-bangxie,,Bangxie,64,mu,classifier for bamboo,one bamboo,,,,
,uuu-bangxie,,Bangxie,65,?,classifier for scar,one scar,,,,
,uuu-bangxie,,Bangxie,66,mu,classifier for child,one child,,,,
,uuu-bangxie,,Bangxie,67,ŋən,classifier for chilli,one chilli,,,,
,uuu-bangxie,,Bangxie,68,mu,classifier for sound,one sound,,,,
,uuu-bangxie,,Bangxie,69,ŋən,classifier for bag,one bag,,,,
,uuu-bangxie,,Bangxie,70,blʌ,classifier for toothbrush,one toothbrush,,,,
,uuu-bangxie,,Bangxie,71,mu ,classifier for ear,one ear,,,,
,uuu-bangxie,,Bangxie,72,lɛ,classifier for paper,one paper,,,,
,uuu-bangxie,,Bangxie,73,ŋən,classifier for mirror,one mirror,,,,
,uuu-bangxie,,Bangxie,74,bən,classifier for book,one book,,,,
,vwa-mangjing,,Mangjing,1,do,classifier for dog ,one dog,,,,
,vwa-mangjing,,Mangjing,2,do,classifier for cat ,one cat,,,,
,vwa-mangjing,,Mangjing,3,do,classifier for chicken ,one chicken ,,,,
,vwa-mangjing,,Mangjing,4,do,classifier for pig ,one pig ,,,,
,vwa-mangjing,,Mangjing,5,do,classifier for cow ,one cow ,,,,
,vwa-mangjing,,Mangjing,6,do,classifier for snake ,one snake ,,,,
,vwa-mangjing,,Mangjing,7,do,classifier for fish ,one fish ,,,,
,vwa-mangjing,,Mangjing,8,[did not use a classifier],classifier for hat ,one hat ,,,,
,vwa-mangjing,,Mangjing,9, pʰə,classifier for trousers ,one trousers ,,,,
,vwa-mangjing,,Mangjing,10,pʰə,classifier for shirt ,one shirt ,,,,
,vwa-mangjing,,Mangjing,11, ga,classifier for chopstick (pair) ,one chopstick (pair) ,,,,
,vwa-mangjing,,Mangjing,12,dɛŋ,classifier for chopstick (single) ,one chopstick (single) ,,,,
,vwa-mangjing,,Mangjing,13,ga,classifier for shoe (pair),one shoe (pair),,,,
,vwa-mangjing,,Mangjing,14,dɛŋ,classifier for shoe (single),one shoe (single),,,,
,vwa-mangjing,,Mangjing,15,[did not use a classifier],classifier for cushion ,one cushion ,,,,
,vwa-mangjing,,Mangjing,16,[did not use a classifier],classifier for flower ,one flower ,,,,
,vwa-mangjing,,Mangjing,17,[did not use a classifier],classifier for tree ,one tree ,,,,
,vwa-mangjing,,Mangjing,18,[did not use a classifier],classifier for house,one house,,,,
,vwa-mangjing,,Mangjing,19,[did not use a classifier],classifier for table ,one table ,,,,
,vwa-mangjing,,Mangjing,20,[did not use a classifier],classifier for chair ,one chair ,,,,
,vwa-mangjing,,Mangjing,21,[did not use a classifier],classifier for pen ,one pen ,,,,
,vwa-mangjing,,Mangjing,22,[did not use a classifier],classifier for spoon ,one spoon ,,,,
,vwa-mangjing,,Mangjing,23,rɔm,classifier for noodle ,one noodle ,,,,
,vwa-mangjing,,Mangjing,24,brʌ,classifier for leaf ,one leaf ,,,,
,vwa-mangjing,,Mangjing,25,[did not use a classifier],classifier for room ,one room ,,,,
,vwa-mangjing,,Mangjing,26,[did not use a classifier],classifier for person ,one person ,,,,
,vwa-mangjing,,Mangjing,27,[did not use a classifier],classifier for teacher ,one teacher ,,,,
,vwa-mangjing,,Mangjing,28,[did not use a classifier],classifier for spider ,one spider ,,,,
,vwa-mangjing,,Mangjing,29,[did not use a classifier],classifier for stone ,one stone ,,,,
,vwa-mangjing,,Mangjing,30,[did not use a classifier],classifier for boat ,one boat ,,,,
,vwa-mangjing,,Mangjing,31,[did not use a classifier],classifier for banana ,one banana ,,,,
,vwa-mangjing,,Mangjing,32,[did not use a classifier],classifier for papaya,one papaya,,,,
,vwa-mangjing,,Mangjing,33,[did not use a classifier],classifier for cloud ,one cloud ,,,,
,vwa-mangjing,,Mangjing,34,dɛŋ,classifier for hand ,one hand ,,,,
,vwa-mangjing,,Mangjing,35,[did not use a classifier],classifier for finger ,one finger ,,,,
,vwa-mangjing,,Mangjing,36,dɛŋ,classifier for leg ,one leg ,,,,
,vwa-mangjing,,Mangjing,37,[did not use a classifier],classifier for car ,one car ,,,,
,vwa-mangjing,,Mangjing,38,[did not use a classifier],classifier for door ,one door ,,,,
,vwa-mangjing,,Mangjing,39,[did not use a classifier],classifier for picture ,one picture ,,,,
,vwa-mangjing,,Mangjing,40,mu),classifier for grain of rice ,one grain of rice ,,,,
,vwa-mangjing,,Mangjing,41,glɔm,classifier for tea leaf ,one tea leaf ,,,,
,vwa-mangjing,,Mangjing,42,glɔm,classifier for cup of tea ,one cup of tea ,,,,
,vwa-mangjing,,Mangjing,43,glɔm,classifier for cup of water ,one cup of water ,,,,
,vwa-mangjing,,Mangjing,44,glɔm,classifier for bowl of rice ,one bowl of rice ,,,,
,vwa-mangjing,,Mangjing,45,[did not use a classifier],classifier for bed ,one bed ,,,,
,vwa-mangjing,,Mangjing,46,[did not use a classifier],classifier for fan ,one fan ,,,,
,vwa-mangjing,,Mangjing,47,[did not use a classifier],classifier for light (bulb) ,one light (bulb) ,,,,
,vwa-mangjing,,Mangjing,48,[did not use a classifier],classifier for ball,one ball,,,,
,vwa-mangjing,,Mangjing,49,do,classifier for elephant,one elephant,,,,
,vwa-mangjing,,Mangjing,50,[did not use a classifier],classifier for king,one king,,,,
,vwa-mangjing,,Mangjing,51,[did not use a classifier],classifier for aeroplane,one aeroplane,,,,
,vwa-mangjing,,Mangjing,52,[did not use a classifier],classifier for tiger,one tiger,,,,
,vwa-mangjing,,Mangjing,53,?,classifier for kettle,one kettle,,,,
,vwa-mangjing,,Mangjing,54,?,classifier for drum,one drum,,,,
,vwa-mangjing,,Mangjing,55,[did not use a classifier],classifier for egg,one egg,,,,
,vwa-mangjing,,Mangjing,56,[did not use a classifier],classifier for eye ,one eye ,,,,
,vwa-mangjing,,Mangjing,57,[did not use a classifier],classifier for arrow,one arrow,,,,
,vwa-mangjing,,Mangjing,58,[did not use a classifier],classifier for biscuit ,one biscuit ,,,,
,vwa-mangjing,,Mangjing,59,[did not use a classifier],classifier for mushroom ,one mushroom ,,,,
,vwa-mangjing,,Mangjing,60,[did not use a classifier],classifier for street ,one street ,,,,
,vwa-mangjing,,Mangjing,61,[did not use a classifier],classifier for comb,one comb,,,,
,vwa-mangjing,,Mangjing,62,?,classifier for cow ,one cow ,,,,
,vwa-mangjing,,Mangjing,63,?,classifier for bull,one bull,,,,
,vwa-mangjing,,Mangjing,64,rɔm,classifier for bamboo,one bamboo,,,,
,vwa-mangjing,,Mangjing,65,?,classifier for scar,one scar,,,,
,vwa-mangjing,,Mangjing,66,?,classifier for child,one child,,,,
,vwa-mangjing,,Mangjing,67,?,classifier for chilli,one chilli,,,,
,vwa-mangjing,,Mangjing,68,?,classifier for sound,one sound,,,,
,vwa-mangjing,,Mangjing,69,?,classifier for bag,one bag,,,,
,vwa-mangjing,,Mangjing,70,?,classifier for toothbrush,one toothbrush,,,,
,vwa-mangjing,,Mangjing,71,?,classifier for ear,one ear,,,,
,vwa-mangjing,,Mangjing,72,?,classifier for paper,one paper,,,,
,vwa-mangjing,,Mangjing,73,?,classifier for mirror,one mirror,,,,
,vwa-mangjing,,Mangjing,74,?,classifier for book,one book,,,,
,vwa-menglian,,Menglian,1,mu,classifier for dog ,one dog,,,,
,vwa-menglian,,Menglian,2,mu,classifier for cat ,one cat,,,,
,vwa-menglian,,Menglian,3,mu,classifier for chicken ,one chicken ,,,,
,vwa-menglian,,Menglian,4,mu,classifier for pig ,one pig ,,,,
,vwa-menglian,,Menglian,5,mu,classifier for cow ,one cow ,,,,
,vwa-menglian,,Menglian,6,mu,classifier for snake ,one snake ,,,,
,vwa-menglian,,Menglian,7,mu,classifier for fish ,one fish ,,,,
,vwa-menglian,,Menglian,8,mu,classifier for hat ,one hat ,,,,
,vwa-menglian,,Menglian,9,blʌ,classifier for trousers ,one trousers ,,,,
,vwa-menglian,,Menglian,10,blʌ,classifier for shirt ,one shirt ,,,,
,vwa-menglian,,Menglian,11, dui,classifier for chopstick (pair) ,one chopstick (pair) ,,,,
,vwa-menglian,,Menglian,12,mu,classifier for chopstick (single) ,one chopstick (single) ,,,,
,vwa-menglian,,Menglian,13,dui,classifier for shoe (pair),one shoe (pair),,,,
,vwa-menglian,,Menglian,14,mu,classifier for shoe (single),one shoe (single),,,,
,vwa-menglian,,Menglian,15,mu,classifier for cushion ,one cushion ,,,,
,vwa-menglian,,Menglian,16,mu,classifier for flower ,one flower ,,,,
,vwa-menglian,,Menglian,17,mu,classifier for tree ,one tree ,,,,
,vwa-menglian,,Menglian,18,?,classifier for house,one house,,,,
,vwa-menglian,,Menglian,19,?,classifier for table ,one table ,,,,
,vwa-menglian,,Menglian,20,?,classifier for chair ,one chair ,,,,
,vwa-menglian,,Menglian,21,mu,classifier for pen ,one pen ,,,,
,vwa-menglian,,Menglian,22,mu,classifier for spoon ,one spoon ,,,,
,vwa-menglian,,Menglian,23,gɔŋ,classifier for noodle ,one noodle ,,,,
,vwa-menglian,,Menglian,24,blʌ,classifier for leaf ,one leaf ,,,,
,vwa-menglian,,Menglian,25,brʌ,classifier for room ,one room ,,,,
,vwa-menglian,,Menglian,26,gə,classifier for person ,one person ,,,,
,vwa-menglian,,Menglian,27,gə,classifier for teacher ,one teacher ,,,,
,vwa-menglian,,Menglian,28,mu,classifier for spider ,one spider ,,,,
,vwa-menglian,,Menglian,29,mu,classifier for stone ,one stone ,,,,
,vwa-menglian,,Menglian,30,?,classifier for boat ,one boat ,,,,
,vwa-menglian,,Menglian,31,mu,classifier for banana ,one banana ,,,,
,vwa-menglian,,Menglian,32,mu,classifier for papaya,one papaya,,,,
,vwa-menglian,,Menglian,33,?,classifier for cloud ,one cloud ,,,,
,vwa-menglian,,Menglian,34,mu,classifier for hand ,one hand ,,,,
,vwa-menglian,,Menglian,35,mu,classifier for finger ,one finger ,,,,
,vwa-menglian,,Menglian,36,mu,classifier for leg ,one leg ,,,,
,vwa-menglian,,Menglian,37,d͡zʌŋ,classifier for car ,one car ,,,,
,vwa-menglian,,Menglian,38,mu,classifier for door ,one door ,,,,
,vwa-menglian,,Menglian,39,?,classifier for picture ,one picture ,,,,
,vwa-menglian,,Menglian,40,?,classifier for grain of rice ,one grain of rice ,,,,
,vwa-menglian,,Menglian,41,bla,classifier for tea leaf ,one tea leaf ,,,,
,vwa-menglian,,Menglian,42,bui,classifier for cup of tea ,one cup of tea ,,,,
,vwa-menglian,,Menglian,43,bui,classifier for cup of water ,one cup of water ,,,,
,vwa-menglian,,Menglian,44,glom,classifier for bowl of rice ,one bowl of rice ,,,,
,vwa-menglian,,Menglian,45,mu,classifier for bed ,one bed ,,,,
,vwa-menglian,,Menglian,46,mu,classifier for fan ,one fan ,,,,
,vwa-menglian,,Menglian,47,mu,classifier for light (bulb) ,one light (bulb) ,,,,
,vwa-menglian,,Menglian,48,mu,classifier for ball,one ball,,,,
,vwa-menglian,,Menglian,49,mu,classifier for elephant,one elephant,,,,
,vwa-menglian,,Menglian,50,gə,classifier for king,one king,,,,
,vwa-menglian,,Menglian,51,mu,classifier for aeroplane,one aeroplane,,,,
,vwa-menglian,,Menglian,52,mu ,classifier for tiger,one tiger,,,,
,vwa-menglian,,Menglian,53,mu,classifier for kettle,one kettle,,,,
,vwa-menglian,,Menglian,54,mu,classifier for drum,one drum,,,,
,vwa-menglian,,Menglian,55,mu,classifier for egg,one egg,,,,
,vwa-menglian,,Menglian,56,mu,classifier for eye ,one eye ,,,,
,vwa-menglian,,Menglian,57,mu,classifier for arrow,one arrow,,,,
,vwa-menglian,,Menglian,58,mu,classifier for biscuit ,one biscuit ,,,,
,vwa-menglian,,Menglian,59,mu,classifier for mushroom ,one mushroom ,,,,
,vwa-menglian,,Menglian,60,mu,classifier for street ,one street ,,,,
,vwa-menglian,,Menglian,61,mu,classifier for comb,one comb,,,,
,vwa-menglian,,Menglian,62,mu,classifier for cow ,one cow ,,,,
,vwa-menglian,,Menglian,63,mu,classifier for bull,one bull,,,,
,vwa-menglian,,Menglian,64,?,classifier for bamboo,one bamboo,,,,
,vwa-menglian,,Menglian,65,?,classifier for scar,one scar,,,,
,vwa-menglian,,Menglian,66,mu,classifier for child,one child,,,,
,vwa-menglian,,Menglian,67,mu,classifier for chilli,one chilli,,,,
,vwa-menglian,,Menglian,68,mu,classifier for sound,one sound,,,,
,vwa-menglian,,Menglian,69,mu,classifier for bag,one bag,,,,
,vwa-menglian,,Menglian,70,mu,classifier for toothbrush,one toothbrush,,,,
,vwa-menglian,,Menglian,71,?,classifier for ear,one ear,,,,
,vwa-menglian,,Menglian,72,d͡zʌŋ,classifier for paper,one paper,,,,
,vwa-menglian,,Menglian,73,mu,classifier for mirror,one mirror,,,,
,vwa-menglian,,Menglian,74,blʌ,classifier for book,one book,,,,
,wbm-xiaomenge,,Xiaomenge,1, mu,classifier for dog ,one dog,,,,
,wbm-xiaomenge,,Xiaomenge,2,mu,classifier for cat ,one cat,,,,
,wbm-xiaomenge,,Xiaomenge,3,mu,classifier for chicken ,one chicken ,,,,
,wbm-xiaomenge,,Xiaomenge,4,mu,classifier for pig ,one pig ,,,,
,wbm-xiaomenge,,Xiaomenge,5,mu,classifier for cow ,one cow ,,,,
,wbm-xiaomenge,,Xiaomenge,6,mu,classifier for snake ,one snake ,,,,
,wbm-xiaomenge,,Xiaomenge,7,mu,classifier for fish ,one fish ,,,,
,wbm-xiaomenge,,Xiaomenge,8,lu,classifier for hat ,one hat ,,,,
,wbm-xiaomenge,,Xiaomenge,9,pʰy,classifier for trousers ,one trousers ,,,,
,wbm-xiaomenge,,Xiaomenge,10,pʰy,classifier for shirt ,one shirt ,,,,
,wbm-xiaomenge,,Xiaomenge,11,ku,classifier for chopstick (pair) ,one chopstick (pair) ,,,,
,wbm-xiaomenge,,Xiaomenge,12,kʰɔn,classifier for chopstick (single) ,one chopstick (single) ,,,,
,wbm-xiaomenge,,Xiaomenge,13,ku,classifier for shoe (pair),one shoe (pair),,,,
,wbm-xiaomenge,,Xiaomenge,14,kʰɔn,classifier for shoe (single),one shoe (single),,,,
,wbm-xiaomenge,,Xiaomenge,15,mu,classifier for cushion ,one cushion ,,,,
,wbm-xiaomenge,,Xiaomenge,16,sklum,classifier for flower ,one flower ,,,,
,wbm-xiaomenge,,Xiaomenge,17,lɛŋ,classifier for tree ,one tree ,,,,
,wbm-xiaomenge,,Xiaomenge,18,mu/lʌŋ,classifier for house,one house,,,,
,wbm-xiaomenge,,Xiaomenge,19,luk,classifier for table ,one table ,,,,
,wbm-xiaomenge,,Xiaomenge,20,mu,classifier for chair ,one chair ,,,,
,wbm-xiaomenge,,Xiaomenge,21,lɛŋ,classifier for pen ,one pen ,,,,
,wbm-xiaomenge,,Xiaomenge,22,mʌ,classifier for spoon ,one spoon ,,,,
,wbm-xiaomenge,,Xiaomenge,23,gɔŋ,classifier for noodle ,one noodle ,,,,
,wbm-xiaomenge,,Xiaomenge,24,blʌ,classifier for leaf ,one leaf ,,,,
,wbm-xiaomenge,,Xiaomenge,25,gə,classifier for room ,one room ,,,,
,wbm-xiaomenge,,Xiaomenge,26,gə,classifier for person ,one person ,,,,
,wbm-xiaomenge,,Xiaomenge,27,gə,classifier for teacher ,one teacher ,,,,
,wbm-xiaomenge,,Xiaomenge,28,mu,classifier for spider ,one spider ,,,,
,wbm-xiaomenge,,Xiaomenge,29,lu,classifier for stone ,one stone ,,,,
,wbm-xiaomenge,,Xiaomenge,30,mu,classifier for boat ,one boat ,,,,
,wbm-xiaomenge,,Xiaomenge,31,mu,classifier for banana ,one banana ,,,,
,wbm-xiaomenge,,Xiaomenge,32,mu,classifier for papaya,one papaya,,,,
,wbm-xiaomenge,,Xiaomenge,33,glɔn,classifier for cloud ,one cloud ,,,,
,wbm-xiaomenge,,Xiaomenge,34,kʰɔn,classifier for hand ,one hand ,,,,
,wbm-xiaomenge,,Xiaomenge,35,?,classifier for finger ,one finger ,,,,
,wbm-xiaomenge,,Xiaomenge,36,?,classifier for leg ,one leg ,,,,
,wbm-xiaomenge,,Xiaomenge,37,lʌŋ,classifier for car ,one car ,,,,
,wbm-xiaomenge,,Xiaomenge,38,bʌ,classifier for door ,one door ,,,,
,wbm-xiaomenge,,Xiaomenge,39,?,classifier for picture ,one picture ,,,,
,wbm-xiaomenge,,Xiaomenge,40,mu,classifier for grain of rice ,one grain of rice ,,,,
,wbm-xiaomenge,,Xiaomenge,41,blʌ,classifier for tea leaf ,one tea leaf ,,,,
,wbm-xiaomenge,,Xiaomenge,42,d͡zu,classifier for cup of tea ,one cup of tea ,,,,
,wbm-xiaomenge,,Xiaomenge,43,d͡zu,classifier for cup of water ,one cup of water ,,,,
,wbm-xiaomenge,,Xiaomenge,44,glɔm,classifier for bowl of rice ,one bowl of rice ,,,,
,wbm-xiaomenge,,Xiaomenge,45,mu,classifier for bed ,one bed ,,,,
,wbm-xiaomenge,,Xiaomenge,46,mu,classifier for fan ,one fan ,,,,
,wbm-xiaomenge,,Xiaomenge,47,mu,classifier for light (bulb) ,one light (bulb) ,,,,
,wbm-xiaomenge,,Xiaomenge,48,mu ,classifier for ball,one ball,,,,
,wbm-xiaomenge,,Xiaomenge,49,mu,classifier for elephant,one elephant,,,,
,wbm-xiaomenge,,Xiaomenge,50,?,classifier for king,one king,,,,
,wbm-xiaomenge,,Xiaomenge,51,lʌŋ,classifier for aeroplane,one aeroplane,,,,
,wbm-xiaomenge,,Xiaomenge,52,?,classifier for tiger,one tiger,,,,
,wbm-xiaomenge,,Xiaomenge,53,mu,classifier for kettle,one kettle,,,,
,wbm-xiaomenge,,Xiaomenge,54,lu,classifier for drum,one drum,,,,
,wbm-xiaomenge,,Xiaomenge,55,mu,classifier for egg,one egg,,,,
,wbm-xiaomenge,,Xiaomenge,56,kʰɔn,classifier for eye ,one eye ,,,,
,wbm-xiaomenge,,Xiaomenge,57,mʌ,classifier for arrow,one arrow,,,,
,wbm-xiaomenge,,Xiaomenge,58,mu,classifier for biscuit ,one biscuit ,,,,
,wbm-xiaomenge,,Xiaomenge,59,blʌ,classifier for mushroom ,one mushroom ,,,,
,wbm-xiaomenge,,Xiaomenge,60,si,classifier for street ,one street ,,,,
,wbm-xiaomenge,,Xiaomenge,61,di,classifier for comb,one comb,,,,
,wbm-xiaomenge,,Xiaomenge,62,mu,classifier for cow ,one cow ,,,,
,wbm-xiaomenge,,Xiaomenge,63,?,classifier for bull,one bull,,,,
,wbm-xiaomenge,,Xiaomenge,64,gɔn,classifier for bamboo,one bamboo,,,,
,wbm-xiaomenge,,Xiaomenge,65,?,classifier for scar,one scar,,,,
,wbm-xiaomenge,,Xiaomenge,66,gə,classifier for child,one child,,,,
,wbm-xiaomenge,,Xiaomenge,67,mu,classifier for chilli,one chilli,,,,
,wbm-xiaomenge,,Xiaomenge,68,?,classifier for sound,one sound,,,,
,wbm-xiaomenge,,Xiaomenge,69,lu,classifier for bag,one bag,,,,
,wbm-xiaomenge,,Xiaomenge,70,mu,classifier for toothbrush,one toothbrush,,,,
,wbm-xiaomenge,,Xiaomenge,71,blʌ,classifier for ear,one ear,,,,
,wbm-xiaomenge,,Xiaomenge,72,blʌ,classifier for paper,one paper,,,,
,wbm-xiaomenge,,Xiaomenge,73,?,classifier for mirror,one mirror,,,,
,wbm-xiaomenge,,Xiaomenge,74,bu,classifier for book,one book,,,,
,vwa-wengwa,,Wengwa,1,do,classifier for dog ,one dog,,,,
,vwa-wengwa,,Wengwa,2,do,classifier for cat ,one cat,,,,
,vwa-wengwa,,Wengwa,3,do,classifier for chicken ,one chicken ,,,,
,vwa-wengwa,,Wengwa,4,do,classifier for pig ,one pig ,,,,
,vwa-wengwa,,Wengwa,5,do,classifier for cow ,one cow ,,,,
,vwa-wengwa,,Wengwa,6,do,classifier for snake ,one snake ,,,,
,vwa-wengwa,,Wengwa,7,do,classifier for fish ,one fish ,,,,
,vwa-wengwa,,Wengwa,8,mu,classifier for hat ,one hat ,,,,
,vwa-wengwa,,Wengwa,9,pʰy,classifier for trousers ,one trousers ,,,,
,vwa-wengwa,,Wengwa,10,pʰy,classifier for shirt ,one shirt ,,,,
,vwa-wengwa,,Wengwa,11,gu,classifier for chopstick (pair) ,one chopstick (pair) ,,,,
,vwa-wengwa,,Wengwa,12,dɛŋ,classifier for chopstick (single) ,one chopstick (single) ,,,,
,vwa-wengwa,,Wengwa,13,gu,classifier for shoe (pair),one shoe (pair),,,,
,vwa-wengwa,,Wengwa,14,dɛŋ,classifier for shoe (single),one shoe (single),,,,
,vwa-wengwa,,Wengwa,15,mu,classifier for cushion ,one cushion ,,,,
,vwa-wengwa,,Wengwa,16,(m)blɔk,classifier for flower ,one flower ,,,,
,vwa-wengwa,,Wengwa,17,,classifier for tree ,one tree ,,,,
,vwa-wengwa,,Wengwa,18,lʌŋ,classifier for house,one house,,,,
,vwa-wengwa,,Wengwa,19,[did not use a classifier],classifier for table ,one table ,,,,
,vwa-wengwa,,Wengwa,20,[did not use a classifier],classifier for chair ,one chair ,,,,
,vwa-wengwa,,Wengwa,21,[did not use a classifier],classifier for pen ,one pen ,,,,
,vwa-wengwa,,Wengwa,22,[did not use a classifier],classifier for spoon ,one spoon ,,,,
,vwa-wengwa,,Wengwa,23,[did not use a classifier],classifier for noodle ,one noodle ,,,,
,vwa-wengwa,,Wengwa,24,blʌ,classifier for leaf ,one leaf ,,,,
,vwa-wengwa,,Wengwa,25,hɔŋ,classifier for room ,one room ,,,,
,vwa-wengwa,,Wengwa,26,gə,classifier for person ,one person ,,,,
,vwa-wengwa,,Wengwa,27,-,classifier for teacher ,one teacher ,,,,
,vwa-wengwa,,Wengwa,28,do,classifier for spider ,one spider ,,,,
,vwa-wengwa,,Wengwa,29,mu,classifier for stone ,one stone ,,,,
,vwa-wengwa,,Wengwa,30,[did not use a classifier],classifier for boat ,one boat ,,,,
,vwa-wengwa,,Wengwa,31,mu,classifier for banana ,one banana ,,,,
,vwa-wengwa,,Wengwa,32,mu,classifier for papaya,one papaya,,,,
,vwa-wengwa,,Wengwa,33,[did not use a classifier],classifier for cloud ,one cloud ,,,,
,vwa-wengwa,,Wengwa,34,?,classifier for hand ,one hand ,,,,
,vwa-wengwa,,Wengwa,35,[did not use a classifier],classifier for finger ,one finger ,,,,
,vwa-wengwa,,Wengwa,36,[did not use a classifier],classifier for leg ,one leg ,,,,
,vwa-wengwa,,Wengwa,37,mu  ,classifier for car ,one car ,,,,
,vwa-wengwa,,Wengwa,38,mu,classifier for door ,one door ,,,,
,vwa-wengwa,,Wengwa,39,do,classifier for picture ,one picture ,,,,
,vwa-wengwa,,Wengwa,40,?,classifier for grain of rice ,one grain of rice ,,,,
,vwa-wengwa,,Wengwa,41,ɔ,classifier for tea leaf ,one tea leaf ,,,,
,vwa-wengwa,,Wengwa,42,?,classifier for cup of tea ,one cup of tea ,,,,
,vwa-wengwa,,Wengwa,43,mu,classifier for cup of water ,one cup of water ,,,,
,vwa-wengwa,,Wengwa,44,ŋə,classifier for bowl of rice ,one bowl of rice ,,,,
,vwa-wengwa,,Wengwa,45,?,classifier for bed ,one bed ,,,,
,vwa-wengwa,,Wengwa,46,?,classifier for fan ,one fan ,,,,
,vwa-wengwa,,Wengwa,47,blɔk,classifier for light (bulb) ,one light (bulb) ,,,,
,vwa-wengwa,,Wengwa,48,mu,classifier for ball,one ball,,,,
,vwa-wengwa,,Wengwa,49,?,classifier for elephant,one elephant,,,,
,vwa-wengwa,,Wengwa,50,?,classifier for king,one king,,,,
,vwa-wengwa,,Wengwa,51,?,classifier for aeroplane,one aeroplane,,,,
,vwa-wengwa,,Wengwa,52,?,classifier for tiger,one tiger,,,,
,vwa-wengwa,,Wengwa,53,?,classifier for kettle,one kettle,,,,
,vwa-wengwa,,Wengwa,54,?,classifier for drum,one drum,,,,
,vwa-wengwa,,Wengwa,55,?,classifier for egg,one egg,,,,
,vwa-wengwa,,Wengwa,56,?,classifier for eye ,one eye ,,,,
,vwa-wengwa,,Wengwa,57,?,classifier for arrow,one arrow,,,,
,vwa-wengwa,,Wengwa,58,?,classifier for biscuit ,one biscuit ,,,,
,vwa-wengwa,,Wengwa,59,?,classifier for mushroom ,one mushroom ,,,,
,vwa-wengwa,,Wengwa,60,?,classifier for street ,one street ,,,,
,vwa-wengwa,,Wengwa,61,?,classifier for comb,one comb,,,,
,vwa-wengwa,,Wengwa,62,?,classifier for cow ,one cow ,,,,
,vwa-wengwa,,Wengwa,63,?,classifier for bull,one bull,,,,
,vwa-wengwa,,Wengwa,64,?,classifier for bamboo,one bamboo,,,,
,vwa-wengwa,,Wengwa,65,?,classifier for scar,one scar,,,,
,vwa-wengwa,,Wengwa,66,?,classifier for child,one child,,,,
,vwa-wengwa,,Wengwa,67,?,classifier for chilli,one chilli,,,,
,vwa-wengwa,,Wengwa,68,?,classifier for sound,one sound,,,,
,vwa-wengwa,,Wengwa,69,?,classifier for bag,one bag,,,,
,vwa-wengwa,,Wengwa,70,?,classifier for toothbrush,one toothbrush,,,,
,vwa-wengwa,,Wengwa,71,?,classifier for ear,one ear,,,,
,vwa-wengwa,,Wengwa,72,?,classifier for paper,one paper,,,,
,vwa-wengwa,,Wengwa,73,?,classifier for mirror,one mirror,,,,
,vwa-wengwa,,Wengwa,74,?,classifier for book,one book,,,,
,blr-zhanglang,,Zhanglang,1,du ,classifier for dog ,one dog,dog,,,
,blr-zhanglang,,Zhanglang,2,du,classifier for cat ,one cat,cat,,,
,blr-zhanglang,,Zhanglang,3,du,classifier for chicken ,one chicken ,chicken,,,
,blr-zhanglang,,Zhanglang,4,du,classifier for pig ,one pig ,pig,,,
,blr-zhanglang,,Zhanglang,5,du,classifier for cow ,one cow ,cow,,,
,blr-zhanglang,,Zhanglang,6,du,classifier for snake ,one snake ,snake,,,
,blr-zhanglang,,Zhanglang,7,du,classifier for fish ,one fish ,fish,,,
,blr-zhanglang,,Zhanglang,8,wʌ,classifier for hat ,one hat ,hat,,,
,blr-zhanglang,,Zhanglang,9,pʰɔn,classifier for trousers ,one trousers ,trousers,,,
,blr-zhanglang,,Zhanglang,10,pɔn,classifier for shirt ,one shirt ,shirt,,,
,blr-zhanglang,,Zhanglang,11,?,classifier for chopstick (pair) ,one chopstick (pair) ,chopstick pair,,,
,blr-zhanglang,,Zhanglang,12,?,classifier for chopstick (single) ,one chopstick (single) ,chopstick single ?,,,
,blr-zhanglang,,Zhanglang,13,?,classifier for shoe (pair),one shoe (pair),shoe pair ?,,,
,blr-zhanglang,,Zhanglang,14,kot,classifier for shoe (single),one shoe (single),shoe single,,,
,blr-zhanglang,,Zhanglang,15,mua,classifier for cushion ,one cushion ,cushion,,,
,blr-zhanglang,,Zhanglang,16,mɔk,classifier for flower ,one flower ,flower,,,
,blr-zhanglang,,Zhanglang,17,diu,classifier for tree ,one tree ,tree,,,
,blr-zhanglang,,Zhanglang,18,rang,classifier for house,one house,house,,,
,blr-zhanglang,,Zhanglang,19,moa,classifier for table ,one table ,table,,,
,blr-zhanglang,,Zhanglang,20,moa,classifier for chair ,one chair ,chair,,,
,blr-zhanglang,,Zhanglang,21,re,classifier for pen ,one pen ,pen,,,
,blr-zhanglang,,Zhanglang,22,ga,classifier for spoon ,one spoon ,a spoon,,,
,blr-zhanglang,,Zhanglang,23,de,classifier for noodle ,one noodle ,a noodle,,,
,blr-zhanglang,,Zhanglang,24,hra,classifier for leaf ,one leaf ,a leaf,,,
,blr-zhanglang,,Zhanglang,25,nha,classifier for room ,one room ,room,,,
,blr-zhanglang,,Zhanglang,26,bui,classifier for person ,one person ,person,,,
,blr-zhanglang,,Zhanglang,27,bui,classifier for teacher ,one teacher ,a teacher,,,
,blr-zhanglang,,Zhanglang,28,du,classifier for spider ,one spider ,spider,,,
,blr-zhanglang,,Zhanglang,29,moa,classifier for stone ,one stone ,stone,,,
,blr-zhanglang,,Zhanglang,30,hra,classifier for boat ,one boat ,boat,,,
,blr-zhanglang,,Zhanglang,31,moa,classifier for banana ,one banana ,banana,,,
,blr-zhanglang,,Zhanglang,32,moa,classifier for papaya,one papaya,mugua,,,
,blr-zhanglang,,Zhanglang,33,nok,classifier for cloud ,one cloud ,cloud,,,
,blr-zhanglang,,Zhanglang,34,kuan,classifier for hand ,one hand ,hand,,,
,blr-zhanglang,,Zhanglang,35,de,classifier for finger ,one finger ,finger,,,
,blr-zhanglang,,Zhanglang,36,de,classifier for leg ,one leg ,leg,,,
,blr-zhanglang,,Zhanglang,37,hrang,classifier for car ,one car ,car,,,
,blr-zhanglang,,Zhanglang,38,de,classifier for door ,one door ,door,,,
,blr-zhanglang,,Zhanglang,39,de,classifier for picture ,one picture ,picture,,,
,blr-zhanglang,,Zhanglang,40,men,classifier for grain of rice ,one grain of rice ,grain of rice,,,
,blr-zhanglang,,Zhanglang,41,?,classifier for tea leaf ,one tea leaf ,tea leaf,,,
,blr-zhanglang,,Zhanglang,42,gom,classifier for cup of tea ,one cup of tea ,cup of tea,,,
,blr-zhanglang,,Zhanglang,43,kuot,classifier for cup of water ,one cup of water ,cup of water,,,
,blr-zhanglang,,Zhanglang,44,jum,classifier for bowl of rice ,one bowl of rice ,bowl of rice,,,
,blr-zhanglang,,Zhanglang,45,?,classifier for bed ,one bed ,bed,,,
,blr-zhanglang,,Zhanglang,46,de,classifier for fan ,one fan ,fan,,,
,blr-zhanglang,,Zhanglang,47,moa,classifier for light (bulb) ,one light (bulb) ,light (bulb),,,
,blr-zhanglang,,Zhanglang,48,?,classifier for ball,one ball,ball,,,
,blr-zhanglang,,Zhanglang,49,?,classifier for elephant,one elephant,elephant,,,
,blr-zhanglang,,Zhanglang,50,bui,classifier for king,one king,king,,,
,blr-zhanglang,,Zhanglang,51,hrang,classifier for aeroplane,one aeroplane,aeroplane,,,
,blr-zhanglang,,Zhanglang,52,du,classifier for tiger,one tiger,tiger,,,
,blr-zhanglang,,Zhanglang,53,?,classifier for kettle,one kettle,kettle,,,
,blr-zhanglang,,Zhanglang,54,moa,classifier for drum,one drum,drum,,,
,blr-zhanglang,,Zhanglang,55,moa,classifier for egg,one egg,egg,,,
,blr-zhanglang,,Zhanglang,56,moa,classifier for eye ,one eye ,eye,,,
,blr-zhanglang,,Zhanglang,57,tit,classifier for arrow,one arrow,arrow,,,
,blr-zhanglang,,Zhanglang,58,de,classifier for biscuit ,one biscuit ,biscuit,,,
,blr-zhanglang,,Zhanglang,59,hra,classifier for mushroom ,one mushroom ,mushroom,,,
,blr-zhanglang,,Zhanglang,60,se,classifier for street ,one street ,street,,,
,blr-zhanglang,,Zhanglang,61,de,classifier for comb,one comb,comb,,,
,blr-zhanglang,,Zhanglang,62,du,classifier for cow ,one cow ,cow,,,
,blr-zhanglang,,Zhanglang,63,du,classifier for bull,one bull,bull,,,
,blr-zhanglang,,Zhanglang,64,moa,classifier for bamboo,one bamboo,bamboo,,,
,blr-zhanglang,,Zhanglang,65,?,classifier for scar,one scar,scar,,,
,blr-zhanglang,,Zhanglang,66,bui,classifier for child,one child,child,,,
,blr-zhanglang,,Zhanglang,67,moa,classifier for chilli,one chilli,chilli,,,
,blr-zhanglang,,Zhanglang,68,?,classifier for sound,one sound,sound,,,
,blr-zhanglang,,Zhanglang,69,moa,classifier for bag,one bag,bag,,,
,blr-zhanglang,,Zhanglang,70,de,classifier for toothbrush,one toothbrush,toothbrush,,,
,blr-zhanglang,,Zhanglang,71,de,classifier for ear,one ear,ear,,,
,blr-zhanglang,,Zhanglang,72,hra,classifier for paper,one paper,paper,,,
,blr-zhanglang,,Zhanglang,73,moa,classifier for mirror,one mirror,mirror,,,
,blr-zhanglang,,Zhanglang,74,moa,classifier for book,one book,book,,,
